turn,question_tokens,turn_tokens,cumulative_tokens,numbered_sentences
1,7,90579,90579,0
2,9,204,90783,2
3,20,401,91184,2
4,20,637,91821,1
5,15,367,92188,0
6,4,66,92254,0
7,20,95,92349,1
8,20,183,92532,0
9,9,479,93011,0
10,20,113,93124,0
11,20,18912,112036,0
12,2,27801,139837,6
13,15,9600,149437,9
14,17,13432,162869,10
15,20,295,163164,2
16,4,63,163227,0
17,5,251,163478,0
18,20,28507,191985,5
19,4,67,192052,0
20,20,18395,210447,10
21,8,91,210538,0
22,6,2549,213087,3
23,20,5936,219023,3
24,20,607,219630,4
25,20,10441,230071,0
26,1,453,230524,3
27,4,83,230607,1
28,15,2096,232703,1
29,19,220,232923,2
30,14,6703,239626,6
31,5,224,239850,2
32,11,218,240068,4
33,20,33,240101,0
34,8,3066,243167,2
